
-- 회원 등급
INSERT INTO Member_Rank (name, min_point, image_url) VALUES
('코알못', 0, 'https://fastly.picsum.photos/id/1001/200/300.jpg?hmac=nQhEVl6C7qyfiRmcIe41BohR4WBcN1yhONnlCJryahU'),
('코뉴비', 20, 'https://fastly.picsum.photos/id/1001/200/300.jpg?hmac=nQhEVl6C7qyfiRmcIe41BohR4WBcN1yhONnlCJryahU'),
('코좀알', 100, 'https://fastly.picsum.photos/id/1001/200/300.jpg?hmac=nQhEVl6C7qyfiRmcIe41BohR4WBcN1yhONnlCJryahU'),
('코잘알', 500, 'https://fastly.picsum.photos/id/1001/200/300.jpg?hmac=nQhEVl6C7qyfiRmcIe41BohR4WBcN1yhONnlCJryahU'),
('코신', 2000, 'https://fastly.picsum.photos/id/1001/200/300.jpg?hmac=nQhEVl6C7qyfiRmcIe41BohR4WBcN1yhONnlCJryahU');


-- 회원 
INSERT INTO Member (rank_id, email, password, nickname, point, reported_count, status, created_at) VALUES
(1, 'user1@example.com', '$2y$10$rQY6zX1WcV7KjH8LmNpO3u', 'happyuser', 12, 0, 'ACTIVE', '2024-01-15 10:30:00'),
(1, 'user2@example.com', '$2y$10$tS8vW2XcR9LjI9KnMqP4u', 'sunnyday', 8, 1, 'ACTIVE', '2024-02-20 14:25:00'),
(1, 'user3@example.com', '$2y$10$uT9wX3YdS0MkK0LoNrQ5v', 'blueSky', 17, 0, 'ACTIVE', '2024-03-10 09:15:00'),
(1, 'user21@example.com', '$2y$10$mN7nP1QrH8EfI1ZaJkK3o', 'brightstar', 5, 0, 'ACTIVE', '2024-01-05 10:10:00'),
(1, 'user22@example.com', '$2y$10$nO8oQ2RsI9FgJ2AbKlL4p', 'happyday', 14, 1, 'INACTIVE', '2024-01-17 14:25:00'),
(1, 'user23@example.com', '$2y$10$oP9pR3StJ0GhK3BcLmM5q', 'smiley', 19, 0, 'ACTIVE', '2024-02-09 09:45:00'),
(1, 'user24@example.com', '$2y$10$pQ0qS4TuK1HiL4CdMnN6r', 'dreamer', 3, 2, 'ACTIVE', '2024-02-18 16:30:00'),
(1, 'user25@example.com', '$2y$10$qR1rT5UvL2IjM5DeNoO7s', 'runner', 15, 22, 'BLOCKED', '2024-03-01 13:20:00'),
(1, 'user26@example.com', '$2y$10$rS2sU6VwM3JkN6EfOpP8t', 'luckyone', 7, 0, 'ACTIVE', '2024-03-11 11:50:00'),
(1, 'user27@example.com', '$2y$10$sT3tV7WxN4KlO7FgPqQ9u', 'skyhigh', 20, 0, 'ACTIVE', '2024-01-27 12:45:00'),
(1, 'user28@example.com', '$2y$10$tU4uW8XyO5LmP8GhQrR0v', 'energizer', 11, 3, 'INACTIVE', '2024-02-14 08:20:00'),
(1, 'user29@example.com', '$2y$10$uV5vX9YzP6MnQ9HiRsS1w', 'freedom', 6, 0, 'ACTIVE', '2024-03-09 15:15:00'),
(1, 'user30@example.com', '$2y$10$vW6wY0ZaQ7NoR0IjStT2x', 'springday', 18, 20, 'BLOCKED', '2024-03-19 09:05:00'),
(2, 'user4@example.com', '$2y$10$vU0wY4ZeT1NlL1MpOsR6w', 'coolguy', 72, 2, 'ACTIVE', '2024-01-25 16:40:00'),
(2, 'user5@example.com', '$2y$10$wV1xZ5AfU2OmM2NqPtS7x', 'smartone', 45, 0, 'INACTIVE', '2024-02-05 11:20:00'),
(2, 'user6@example.com', '$2y$10$xW2yA6BgV3PnN3OrQtT8y', 'quickfox', 96, 1, 'ACTIVE', '2024-03-18 13:50:00'),
(3, 'user7@example.com', '$2y$10$yX3zB7ChW4QoO4PsRuU9z', 'braveheart', 340, 3, 'ACTIVE', '2024-01-08 08:45:00'),
(3, 'user8@example.com', '$2y$10$zY4aC8DiX5RpP5QsSvV0a', 'wiseman', 280, 0, 'INACTIVE', '2024-02-12 15:30:00'),
(3, 'user9@example.com', '$2y$10$aZ5bD9EjY6SqQ6RtTwW1b', 'clevercat', 410, 2, 'ACTIVE', '2024-03-22 10:10:00'),
(4, 'user10@example.com', '$2y$10$bA6cE0FkZ7TrR7SuUxX2c', 'silentwolf', 750, 30, 'BLOCKED', '2024-01-30 17:25:00'),
(4, 'user11@example.com', '$2y$10$cB7dF1GlA8UsS8TvVyY3d', 'darkknight', 1200, 1, 'ACTIVE', '2024-02-14 12:35:00'),
(4, 'user12@example.com', '$2y$10$dC8eG2HmB9VtT9UwZzA4e', 'shadowfox', 1950, 5, 'BLOCKED', '2024-03-05 14:45:00'),
(5, 'user13@example.com', '$2y$10$eD9fH3InC0WuU0VxAaB5f', 'newbie', 2100, 6, 'ACTIVE', '2024-01-12 09:55:00'),
(5, 'user14@example.com', '$2y$10$fE0gI4JoD1XvV1WyBbC6g', 'beginner', 2050, 2, 'INACTIVE', '2024-02-28 16:15:00'),
(5, 'user15@example.com', '$2y$10$gF1hJ5KpE2YwW2XzCdD7h', 'freshman', 2190, 20, 'BLOCKED', '2024-03-15 11:05:00'),
(1, 'user16@example.com', '$2y$10$hG2iK6LqF3ZxX3YaDeE8i', 'sunshine', 9, 0, 'ACTIVE', '2024-01-18 13:20:00'),
(2, 'user17@example.com', '$2y$10$iH3jL7MrG4AyY4ZbEfF9j', 'mountain', 84, 1, 'ACTIVE', '2024-02-22 10:40:00'),
(3, 'user18@example.com', '$2y$10$jI4kM8NsH5BzB5AcFgG0k', 'riverflow', 470, 0, 'INACTIVE', '2024-03-08 15:55:00'),
(5, 'admin1@example.com', '$2y$10$kJ5lN9OtI6CaC6BdGhH1l', 'forest', 2500, 0, 'ACTIVE', '2024-01-22 08:30:00'),
(5, 'admin2@example.com', '$2y$10$lK6mO0PuJ7DbD7CeHiI2m', 'ocean', 2500, 0, 'ACTIVE', '2024-02-10 14:15:00');

-- 권한
INSERT INTO Role (name, description) VALUES
('MEMBER', '일반회원'),
('ADMIN', '관리자');

-- 회원별 권한 (회원 id 29, 30 - 관리자)
INSERT INTO Member_Role (member_id, role_id) VALUES
(1, 1),
(2, 1),
(3, 1),
(4, 1),
(5, 1),
(6, 1),
(7, 1),
(8, 1),
(9, 1),
(10, 1),
(11, 1),
(12, 1),
(13, 1),
(14, 1),
(15, 1),
(16, 1),
(17, 1),
(18, 1),
(19, 1),
(20, 1),
(21, 1),
(22, 1),
(23, 1),
(24, 1),
(25, 1),
(26, 1),
(27, 1),
(28, 1),
(29, 2),
(30, 2);
-- 회원 출석이력 
INSERT INTO Member_Attendance_History (member_id, attend_at) VALUES
(1, '2025-01-12 08:30:00'),
(1, '2025-03-05 09:15:00'),
(1, '2025-07-21 10:45:00'),
(2, '2025-02-18 14:20:00'),
(2, '2025-04-22 16:10:00'),
(2, '2025-06-30 09:50:00'),
(2, '2025-08-15 11:05:00'),
(3, '2025-01-10 12:00:00'),
(3, '2025-05-03 13:25:00'),
(3, '2025-07-18 08:40:00'),
(4, '2025-01-25 09:10:00'),
(4, '2025-03-15 10:35:00'),
(4, '2025-06-02 14:50:00'),
(4, '2025-08-07 15:20:00'),
(5, '2025-02-05 11:15:00'),
(5, '2025-04-12 10:05:00'),
(5, '2025-09-01 09:55:00'),
(6, '2025-01-18 08:45:00'),
(6, '2025-03-22 14:30:00'),
(6, '2025-05-29 12:15:00'),
(6, '2025-08-10 16:40:00'),
(7, '2025-02-02 09:50:00'),
(7, '2025-04-20 13:05:00'),
(7, '2025-07-12 11:25:00'),
(8, '2025-01-07 10:15:00'),
(8, '2025-03-28 09:45:00'),
(8, '2025-06-17 15:10:00'),
(8, '2025-08-25 12:50:00'),
(9, '2025-01-15 08:35:00'),
(9, '2025-04-05 14:25:00'),
(9, '2025-07-30 10:05:00'),
(10, '2025-02-12 09:20:00'),
(10, '2025-05-18 13:45:00'),
(10, '2025-08-08 11:35:00'),
(11, '2025-01-20 08:50:00'),
(11, '2025-03-25 10:10:00'),
(11, '2025-06-10 14:40:00'),
(11, '2025-09-05 12:15:00'),
(12, '2025-02-08 09:05:00'),
(12, '2025-04-15 11:30:00'),
(12, '2025-07-22 13:50:00'),
(13, '2025-01-30 08:45:00'),
(13, '2025-03-12 14:10:00'),
(13, '2025-06-05 09:55:00'),
(13, '2025-08-20 15:25:00'),
(14, '2025-02-14 10:00:00'),
(14, '2025-04-28 11:40:00'),
(14, '2025-07-16 12:55:00'),
(15, '2025-01-05 09:35:00'),
(15, '2025-03-21 14:05:00'),
(15, '2025-06-12 10:50:00'),
(15, '2025-08-30 13:20:00'),
(16, '2025-02-09 08:55:00'),
(16, '2025-04-18 12:30:00'),
(16, '2025-07-08 15:15:00'),
(17, '2025-01-25 09:10:00'),
(17, '2025-03-10 10:45:00'),
(17, '2025-06-25 14:05:00'),
(17, '2025-08-12 11:55:00'),
(18, '2025-02-01 08:40:00'),
(18, '2025-04-22 13:20:00'),
(18, '2025-07-19 09:50:00'),
(19, '2025-01-15 10:15:00'),
(19, '2025-03-30 11:35:00'),
(19, '2025-06-14 14:25:00'),
(19, '2025-09-01 12:05:00'),
(20, '2025-02-18 09:05:00'),
(20, '2025-04-10 10:50:00'),
(20, '2025-07-28 13:15:00'),
(21, '2025-01-12 08:50:00'),
(21, '2025-03-22 12:05:00'),
(21, '2025-06-05 15:30:00'),
(22, '2025-02-08 09:15:00'),
(22, '2025-04-15 10:40:00'),
(22, '2025-07-12 14:50:00'),
(22, '2025-09-18 11:20:00'),
(23, '2025-01-20 08:45:00'),
(23, '2025-03-18 13:25:00'),
(23, '2025-06-30 09:55:00'),
(24, '2025-02-05 10:05:00'),
(24, '2025-04-25 11:50:00'),
(24, '2025-07-19 12:40:00'),
(24, '2025-09-10 14:30:00'),
(25, '2025-01-08 09:20:00'),
(25, '2025-03-30 10:55:00'),
(25, '2025-06-22 13:35:00'),
(26, '2025-02-12 08:50:00'),
(26, '2025-04-10 12:05:00'),
(26, '2025-07-16 14:20:00'),
(27, '2025-01-18 09:15:00'),
(27, '2025-03-25 10:40:00'),
(27, '2025-06-30 13:10:00'),
(27, '2025-09-05 15:00:00'),
(28, '2025-02-01 08:45:00'),
(28, '2025-04-18 09:50:00'),
(28, '2025-07-12 12:15:00'),
(29, '2025-01-10 09:05:00'),
(29, '2025-03-22 10:25:00'),
(29, '2025-06-05 14:40:00'),
(29, '2025-08-18 11:55:00'),
(30, '2025-02-15 08:50:00'),
(30, '2025-04-30 10:20:00'),
(30, '2025-07-19 12:50:00'),
(30, '2025-09-10 15:10:00');

-- 회원 로그인 이력
INSERT INTO Member_Login_History (member_id, created_at, ip_address) VALUES
(1, '2025-01-05 08:15:00', '192.168.1.1'),
(1, '2025-02-20 10:40:00', '192.168.1.2'),
(1, '2025-05-18 14:20:00', NULL),
(1, '2025-07-09 09:50:00', '192.168.1.3'),
(2, '2025-01-12 09:05:00', '192.168.2.1'),
(2, '2025-03-30 11:25:00', NULL),
(2, '2025-06-15 16:10:00', '192.168.2.2'),
(3, '2025-01-07 12:10:00', '192.168.3.1'),
(3, '2025-04-05 14:45:00', '192.168.3.2'),
(3, '2025-08-20 10:30:00', NULL),
(4, '2025-01-18 08:20:00', NULL),
(4, '2025-03-22 13:15:00', '192.168.4.1'),
(4, '2025-05-27 09:50:00', '192.168.4.2'),
(4, '2025-07-12 15:05:00', NULL),
(5, '2025-02-10 11:30:00', '192.168.5.1'),
(5, '2025-04-18 12:20:00', '192.168.5.2'),
(5, '2025-08-05 09:45:00', NULL),
(6, '2025-01-22 08:50:00', '192.168.6.1'),
(6, '2025-03-14 10:15:00', NULL),
(6, '2025-06-20 14:30:00', '192.168.6.2'),
(6, '2025-09-01 16:40:00', '192.168.6.3'),
(7, '2025-01-30 09:10:00', NULL),
(7, '2025-04-07 11:50:00', '192.168.7.1'),
(7, '2025-07-25 13:20:00', '192.168.7.2'),
(8, '2025-02-05 08:40:00', '192.168.8.1'),
(8, '2025-05-12 14:10:00', '192.168.8.2'),
(8, '2025-08-18 10:30:00', NULL),
(8, '2025-09-15 12:45:00', '192.168.8.3'),
(9, '2025-01-10 09:25:00', '192.168.9.1'),
(9, '2025-03-20 11:55:00', NULL),
(9, '2025-06-08 15:10:00', '192.168.9.2'),
(10, '2025-01-18 10:50:00', NULL),
(10, '2025-04-25 13:40:00', '192.168.10.1'),
(10, '2025-07-05 09:15:00', '192.168.10.2'),
(11, '2025-01-08 08:10:00', '192.168.11.1'),
(11, '2025-03-15 10:25:00', NULL),
(11, '2025-06-22 12:45:00', '192.168.11.2'),
(12, '2025-01-12 09:30:00', '192.168.12.1'),
(12, '2025-04-20 11:50:00', '192.168.12.2'),
(12, '2025-07-18 14:05:00', NULL),
(13, '2025-02-01 08:15:00', '192.168.13.1'),
(13, '2025-05-03 09:50:00', NULL),
(13, '2025-08-10 13:25:00', '192.168.13.2'),
(14, '2025-01-05 10:20:00', '192.168.14.1'),
(14, '2025-03-28 12:30:00', '192.168.14.2'),
(14, '2025-07-22 15:40:00', NULL),
(15, '2025-02-15 09:05:00', NULL),
(15, '2025-04-10 11:25:00', '192.168.15.1'),
(15, '2025-08-18 14:50:00', '192.168.15.2'),
(16, '2025-01-20 08:35:00', '192.168.16.1'),
(16, '2025-03-12 09:50:00', NULL),
(16, '2025-06-25 13:10:00', '192.168.16.2'),
(17, '2025-01-25 09:15:00', '192.168.17.1'),
(17, '2025-04-18 10:40:00', '192.168.17.2'),
(17, '2025-07-30 12:55:00', NULL),
(18, '2025-02-05 08:50:00', NULL),
(18, '2025-05-20 11:30:00', '192.168.18.1'),
(18, '2025-08-15 14:20:00', '192.168.18.2'),
(19, '2025-01-15 09:25:00', '192.168.19.1'),
(19, '2025-04-05 12:10:00', NULL),
(19, '2025-07-12 15:30:00', '192.168.19.2'),
(20, '2025-01-22 08:45:00', '192.168.20.1'),
(20, '2025-03-30 11:20:00', '192.168.20.2'),
(20, '2025-06-18 13:40:00', NULL),
(21, '2025-01-10 09:50:00', '192.168.21.1'),
(21, '2025-04-12 12:15:00', '192.168.21.2'),
(21, '2025-07-25 14:50:00', NULL),
(22, '2025-02-08 08:30:00', '192.168.22.1'),
(22, '2025-05-20 11:05:00', NULL),
(22, '2025-08-07 13:25:00', '192.168.22.2'),
(23, '2025-01-05 09:15:00', NULL),
(23, '2025-03-22 10:50:00', '192.168.23.1'),
(23, '2025-06-30 12:35:00', '192.168.23.2'),
(24, '2025-01-12 08:40:00', '192.168.24.1'),
(24, '2025-04-25 11:20:00', NULL),
(24, '2025-07-18 14:05:00', '192.168.24.2'),
(25, '2025-02-01 09:30:00', '192.168.25.1'),
(25, '2025-05-15 12:45:00', NULL),
(25, '2025-08-12 13:50:00', '192.168.25.2'),
(26, '2025-01-18 08:20:00', '192.168.26.1'),
(26, '2025-03-30 10:15:00', '192.168.26.2'),
(26, '2025-06-20 13:35:00', NULL),
(27, '2025-01-25 09:45:00', '192.168.27.1'),
(27, '2025-04-18 11:05:00', NULL),
(27, '2025-07-28 14:25:00', '192.168.27.2'),
(28, '2025-02-05 08:10:00', '192.168.28.1'),
(28, '2025-05-12 09:50:00', '192.168.28.2'),
(28, '2025-08-20 13:15:00', NULL),
(29, '2025-01-15 10:05:00', '192.168.29.1'),
(29, '2025-04-18 12:25:00', '192.168.29.2'),
(29, '2025-07-30 14:50:00', NULL),
(30, '2025-02-10 09:20:00', '192.168.30.1'),
(30, '2025-05-15 11:45:00', NULL),
(30, '2025-08-12 14:10:00', '192.168.30.2');

-- 로그인 실패이력
INSERT INTO Member_Login_Failed_History (member_id, created_at, ip_address, reason) VALUES
(1, '2025-01-05 08:20:00', '192.168.1.1', 'Wrong password'),
(2, '2025-01-10 09:40:00', NULL, 'Account locked'),
(3, '2025-01-12 11:30:00', '192.168.3.15', 'Wrong password'),
(4, '2025-01-18 08:50:00', NULL, 'Wrong password'),
(5, '2025-01-22 10:15:00', '192.168.5.12', 'Inactive account'),
(6, '2025-01-25 09:05:00', '192.168.6.20', 'Wrong password'),
(7, '2025-02-01 08:40:00', NULL, 'Wrong password'),
(8, '2025-02-05 11:50:00', '192.168.8.8', 'Account locked'),
(9, '2025-02-10 09:25:00', NULL, 'Wrong password'),
(10, '2025-02-12 10:45:00', '192.168.10.30', 'Inactive account'),
(11, '2025-02-18 08:30:00', NULL, 'Wrong password'),
(12, '2025-02-20 12:20:00', '192.168.12.14', 'Wrong password'),
(13, '2025-02-25 09:10:00', NULL, 'Account locked'),
(14, '2025-03-01 11:15:00', '192.168.14.5', 'Wrong password'),
(15, '2025-03-05 10:40:00', NULL, 'Wrong password'),
(16, '2025-03-10 08:55:00', '192.168.16.25', 'Inactive account'),
(17, '2025-03-12 09:30:00', '192.168.17.3', 'Wrong password'),
(18, '2025-03-18 10:05:00', NULL, 'Wrong password'),
(19, '2025-03-22 11:20:00', '192.168.19.9', 'Account locked'),
(20, '2025-03-25 08:45:00', NULL, 'Wrong password'),
(21, '2025-04-01 09:55:00', '192.168.21.6', 'Wrong password'),
(22, '2025-04-05 08:50:00', NULL, 'Inactive account'),
(23, '2025-04-10 10:10:00', '192.168.23.8', 'Wrong password'),
(24, '2025-04-12 11:30:00', NULL, 'Wrong password'),
(25, '2025-04-18 09:15:00', '192.168.25.12', 'Account locked'),
(26, '2025-04-20 08:40:00', NULL, 'Wrong password'),
(27, '2025-04-25 10:25:00', '192.168.27.20', 'Wrong password'),
(28, '2025-05-01 09:05:00', NULL, 'Inactive account'),
(29, '2025-05-05 08:50:00', '192.168.29.3', 'Wrong password'),
(30, '2025-05-10 11:15:00', NULL, 'Wrong password'),
(1, '2025-05-12 08:45:00', '192.168.1.4', 'Account locked'),
(2, '2025-05-15 10:30:00', NULL, 'Wrong password'),
(3, '2025-05-18 09:25:00', '192.168.3.7', 'Wrong password'),
(4, '2025-05-22 11:50:00', NULL, 'Inactive account'),
(5, '2025-05-25 08:30:00', '192.168.5.10', 'Wrong password'),
(6, '2025-06-01 09:10:00', NULL, 'Wrong password'),
(7, '2025-06-05 08:55:00', '192.168.7.22', 'Account locked'),
(8, '2025-06-10 10:15:00', NULL, 'Wrong password'),
(9, '2025-06-12 11:40:00', '192.168.9.9', 'Wrong password'),
(10, '2025-06-18 08:50:00', NULL, 'Inactive account'),
(11, '2025-06-20 09:30:00', '192.168.11.15', 'Wrong password'),
(12, '2025-06-25 10:05:00', NULL, 'Wrong password'),
(13, '2025-07-01 08:40:00', '192.168.13.20', 'Account locked'),
(14, '2025-07-05 09:55:00', NULL, 'Wrong password'),
(15, '2025-07-10 08:25:00', '192.168.15.6', 'Wrong password'),
(16, '2025-07-12 11:10:00', NULL, 'Inactive account'),
(17, '2025-07-18 09:45:00', '192.168.17.11', 'Wrong password'),
(18, '2025-07-20 08:50:00', NULL, 'Wrong password'),
(19, '2025-07-25 10:30:00', '192.168.19.14', 'Account locked'),
(20, '2025-07-28 11:05:00', NULL, 'Wrong password'),
(21, '2025-08-01 08:35:00', '192.168.21.18', 'Wrong password'),
(22, '2025-08-05 09:10:00', NULL, 'Inactive account'),
(23, '2025-08-10 10:25:00', '192.168.23.2', 'Wrong password'),
(24, '2025-08-12 11:40:00', NULL, 'Wrong password'),
(25, '2025-08-18 09:05:00', '192.168.25.11', 'Account locked'),
(26, '2025-08-20 08:50:00', NULL, 'Wrong password'),
(27, '2025-08-25 10:10:00', '192.168.27.14', 'Wrong password'),
(28, '2025-08-28 11:20:00', NULL, 'Inactive account'),
(29, '2025-09-01 08:45:00', '192.168.29.17', 'Wrong password'),
(30, '2025-09-05 09:30:00', NULL, 'Wrong password'),
(1, '2025-09-08 10:15:00', '192.168.1.6', 'Account locked'),
(2, '2025-09-10 11:05:00', NULL, 'Wrong password'),
(3, '2025-09-12 08:55:00', '192.168.3.4', 'Wrong password'),
(4, '2025-09-15 09:40:00', NULL, 'Inactive account'),
(5, '2025-09-18 10:30:00', '192.168.5.19', 'Wrong password'),
(6, '2025-09-20 11:10:00', NULL, 'Wrong password');


-- 비밀번호 변경 이력
INSERT INTO Member_Password_History (member_id, before_pwd, updated_at) VALUES
(1, '$2y$10$aa111aaa111aaa111aaa11', '2024-01-15 10:20:00'),
(2, '$2y$10$bb222bbb222bbb222bbb22', '2024-02-10 12:35:00'),
(3, '$2y$10$cc333ccc333ccc333ccc33', '2024-02-25 09:50:00'),
(4, '$2y$10$dd444ddd444ddd444ddd44', '2024-03-12 11:15:00'),
(5, '$2y$10$ee555eee555eee555eee55', '2024-03-28 08:40:00'),
(6, '$2y$10$ff666fff666fff666fff66', '2024-04-10 10:05:00'),
(7, '$2y$10$gg777ggg777ggg777ggg77', '2024-04-22 09:30:00'),
(8, '$2y$10$hh888hhh888hhh888hhh88', '2024-05-05 11:50:00'),
(9, '$2y$10$ii999iii999iii999iii99', '2024-05-20 08:25:00'),
(10, '$2y$10$jj000jjj000jjj000jjj00', '2024-06-02 10:45:00'),
(11, '$2y$10$kk111kkk111kkk111kkk11', '2024-06-15 09:15:00'),
(12, '$2y$10$ll222lll222lll222lll22', '2024-06-28 08:50:00'),
(13, '$2y$10$mm333mmm333mmm333mmm33', '2024-07-10 11:20:00'),
(14, '$2y$10$nn444nnn444nnn444nnn44', '2024-07-25 09:35:00'),
(15, '$2y$10$oo555ooo555ooo555ooo55', '2024-08-08 10:50:00'),
(16, '$2y$10$pp666ppp666ppp666ppp66', '2024-08-22 08:40:00'),
(17, '$2y$10$qq777qqq777qqq777qqq77', '2024-09-05 09:15:00'),
(18, '$2y$10$rr888rrr888rrr888rrr88', '2024-09-18 10:30:00'),
(19, '$2y$10$ss999sss999sss999sss99', '2024-10-02 11:05:00'),
(20, '$2y$10$tt000ttt000ttt000ttt00', '2024-10-15 08:50:00'),
(21, '$2y$10$uu111uuu111uuu111uuu11', '2024-11-01 09:30:00'),
(22, '$2y$10$vv222vvv222vvv222vvv22', '2024-11-18 10:25:00'),
(23, '$2y$10$ww333www333www333www33', '2024-12-05 08:55:00'),
(24, '$2y$10$xx444xxx444xxx444xxx44', '2024-12-20 11:10:00'),
(25, '$2y$10$yy555yyy555yyy555yyy55', '2025-01-05 09:40:00'),
(26, '$2y$10$zz666zzz666zzz666zzz66', '2025-01-22 10:15:00'),
(27, '$2y$10$aa777aaa777aaa777aaa77', '2025-02-08 08:50:00'),
(28, '$2y$10$bb888bbb888bbb888bbb88', '2025-02-20 09:25:00'),
(29, '$2y$10$cc999ccc999ccc999ccc99', '2025-03-05 11:05:00'),
(30, '$2y$10$dd000ddd000ddd000ddd00', '2025-03-18 10:30:00'),
(1, '$2y$10$ee111eee111eee111eee11', '2025-04-01 12:10:00'),
(2, '$2y$10$ff222fff222fff222fff22', '2025-04-15 08:45:00'),
(3, '$2y$10$gg333ggg333ggg333ggg33', '2025-04-28 09:20:00'),
(4, '$2y$10$hh444hhh444hhh444hhh44', '2025-05-10 10:50:00'),
(5, '$2y$10$ii555iii555iii555iii55', '2025-05-25 08:30:00'),
(6, '$2y$10$jj666jjj666jjj666jjj66', '2025-06-08 09:15:00'),
(7, '$2y$10$kk777kkk777kkk777kkk77', '2025-06-20 10:40:00'),
(8, '$2y$10$ll888lll888lll888lll88', '2025-07-05 11:20:00'),
(9, '$2y$10$mm999mmm999mmm999mmm99', '2025-07-18 08:55:00'),
(10, '$2y$10$nn000nnn000nnn000nnn00', '2025-08-02 09:35:00'),
(11, '$2y$10$oo111ooo111ooo111ooo11', '2025-08-15 10:50:00'),
(12, '$2y$10$pp222ppp222ppp222ppp22', '2025-08-28 08:40:00'),
(13, '$2y$10$qq333qqq333qqq333qqq33', '2025-09-10 09:15:00'),
(14, '$2y$10$rr444rrr444rrr444rrr44', '2025-09-18 10:30:00');